{
  "R": [
    0.3,
    0.4,
    0.5,
    0.6,
    0.7,
    0.8,
    1.0,
    1.2,
    1.5,
    2.0,
    3.0
  ],
  "scenarios": {
    "NG (no extra)": [
      2.0,
      2.0,
      2.0,
      2.0,
      2.0,
      2.0,
      2.0,
      2.0,
      2.0,
      2.0,
      2.0
    ],
    "1 axion": [
      2.381711228895627,
      2.2784901173423626,
      2.20282373877795,
      2.1473633875146847,
      2.1067846466143423,
      2.077170408792948,
      2.03998791701387,
      2.0205248865533156,
      2.007436124274682,
      2.001328959979263,
      2.0000396245675067
    ],
    "4 degenerate": [
      3.526844915582508,
      3.1139604693694505,
      2.8112949551117996,
      2.589453550058739,
      2.427138586457369,
      2.3086816351717925,
      2.1599516680554807,
      2.0820995462132625,
      2.0297444970987275,
      2.0053158399170528,
      2.000158498270027
    ],
    "4 hierarchy": [
      3.223007812835421,
      2.8324705274894804,
      2.566623678974164,
      2.3855448750156563,
      2.2622606889898993,
      2.1783839370893725,
      2.0825865954824607,
      2.03832558158586,
      2.012199973089813,
      2.0018504346612866,
      2.0000456881720674
    ],
    "1 light + 3 heavy": [
      2.7082742265651714,
      2.4338801954439964,
      2.2762403644605125,
      2.181855461713056,
      2.122920290077685,
      2.084694470473483,
      2.0416127156874273,
      2.0208735020799184,
      2.007470471886264,
      2.0013296688565743,
      2.0000396248540753
    ]
  }
}