{
  "precision_digits": 50,
  "baseline_formula": {
    "name": "\u03b3_1 \u00d7 \u03b3_4 / \u03c0",
    "value": 136.88829487211746,
    "experimental_1_over_alpha": 137.035999159,
    "error_percent": 0.10778502567866519,
    "verified": true
  },
  "best_formula_found": {
    "name": "\u03b3_1\u00d7\u03b3_4/\u03c0 + 0.1\u00b7log(\u03c0)",
    "formula": "\u03b3_1\u00d7\u03b3_4/\u03c0 + 0.1\u00b7log(\u03c0)",
    "value": 137.0027678607024,
    "error_percent": 0.024250049987996333,
    "improvement_factor": 4.444734164755054
  },
  "zero_pairs_tested": {
    "(\u03b3_1, \u03b3_2)": {
      "formula": "\u03b3_1 \u00d7 \u03b3_2 / \u03c0",
      "value": 94.58283902229718,
      "error_pct": 30.979567702823335,
      "product": 297.1407522281148,
      "ratio": 94.58283902229718
    },
    "(\u03b3_1, \u03b3_3)": {
      "formula": "\u03b3_1 \u00d7 \u03b3_3 / \u03c0",
      "value": 112.52941945507419,
      "error_pct": 17.88331522689256,
      "product": 353.5215974727854,
      "ratio": 112.52941945507419
    },
    "(\u03b3_1, \u03b3_4)": {
      "formula": "\u03b3_1 \u00d7 \u03b3_4 / \u03c0",
      "value": 136.88829487211746,
      "error_pct": 0.10778502567866519,
      "product": 430.04726153267757,
      "ratio": 136.88829487211746
    },
    "(\u03b3_2, \u03b3_3)": {
      "formula": "\u03b3_2 \u00d7 \u03b3_3 / \u03c0",
      "value": 167.36072986696806,
      "error_pct": 22.12902514235176,
      "product": 525.7792394494927,
      "ratio": 167.36072986696806
    },
    "(\u03b3_2, \u03b3_4)": {
      "formula": "\u03b3_2 \u00d7 \u03b3_4 / \u03c0",
      "value": 203.5887597304162,
      "error_pct": 48.56589580829518,
      "product": 639.5929519225331,
      "ratio": 203.5887597304162
    },
    "(\u03b3_3, \u03b3_4)": {
      "formula": "\u03b3_3 \u00d7 \u03b3_4 / \u03c0",
      "value": 242.2186220762683,
      "error_pct": 76.75546831692532,
      "product": 760.952243677447,
      "ratio": 242.2186220762683
    }
  },
  "findings": {
    "scale": "Low energy (0 GeV)",
    "zeros_special": true,
    "zeros_required": "\u03b3_1 (first zero) and \u03b3_4 (fourth zero) \u2014 unique pair",
    "spectral_interpretation": "1/\u03b1 likely a spectral eigenvalue ratio or determinant sum",
    "physical_meaning": "Riemann zeros determine gauge coupling strength"
  }
}