{
  "R_sqrt_sigma": [
    0.3,
    0.4,
    0.5,
    0.6,
    0.7,
    0.8,
    0.9,
    1.0,
    1.2,
    1.5,
    2.0,
    2.5,
    3.0,
    4.0,
    5.0
  ],
  "c_NG": [
    2.0,
    2.0,
    2.0,
    2.0,
    2.0,
    2.0,
    2.0,
    2.0,
    2.0,
    2.0,
    2.0,
    2.0,
    2.0,
    2.0,
    2.0
  ],
  "c_CP2": [
    3.5268449155825086,
    3.1139604693694505,
    2.8112949551118005,
    2.589453550058738,
    2.427138586457369,
    2.3086816351717934,
    2.2224845933756696,
    2.1599516680554802,
    2.082099546213262,
    2.029744497098728,
    2.005315839917052,
    2.0009259064169327,
    2.0001584982700265,
    2.0000044894858564,
    2.000000123505205
  ],
  "c_1axion": [
    2.381711228895627,
    2.2784901173423626,
    2.20282373877795,
    2.1473633875146847,
    2.1067846466143423,
    2.077170408792948,
    2.0556211483439175,
    2.03998791701387,
    2.0205248865533156,
    2.007436124274682,
    2.001328959979263,
    2.0002314766042333,
    2.0000396245675067,
    2.000001122371464,
    2.0000000308763015
  ],
  "delta_c_CP2": [
    1.5268449155825086,
    1.1139604693694505,
    0.8112949551118005,
    0.5894535500587379,
    0.42713858645736913,
    0.30868163517179337,
    0.22248459337566961,
    0.15995166805548022,
    0.0820995462132621,
    0.02974449709872795,
    0.005315839917051868,
    0.0009259064169326869,
    0.00015849827002645256,
    4.489485856407072e-06,
    1.2350520517401264e-07
  ],
  "delta_c_1axion": [
    0.38171122889562703,
    0.2784901173423626,
    0.2028237387779499,
    0.1473633875146847,
    0.10678464661434228,
    0.07717040879294812,
    0.055621148343917515,
    0.03998791701387017,
    0.020524886553315635,
    0.007436124274681877,
    0.001328959979263189,
    0.00023147660423328276,
    3.962456750672416e-05,
    1.1223714642127902e-06,
    3.0876301515547766e-08
  ],
  "parameters": {
    "m_axion": 1.85,
    "sqrt_sigma_MeV": 440,
    "inv_sqrt_sigma_fm": 0.44772727272727275,
    "N": 3,
    "n_internal_modes_CP2": 4
  }
}