{
  "R_values": [
    0.3,
    0.4,
    0.5,
    0.6,
    0.7,
    0.8,
    1.0,
    1.2,
    1.5,
    2.0,
    3.0
  ],
  "scenarios": {
    "A: All degenerate": [
      11.593449539929864,
      8.999220053921004,
      7.097516541747368,
      5.7036458849939144,
      4.683790890558402,
      3.939503914707581,
      3.0050059705850583,
      2.5158466624932814,
      2.1868901871401754,
      2.033400407262148,
      2.000995874001445
    ],
    "B: Mass hierarchy": [
      9.684384720173352,
      7.230566586981937,
      5.560201574430507,
      4.4224498939567605,
      3.647832507712131,
      3.1208193325567954,
      2.518906883305381,
      2.240806731109388,
      2.076654691665902,
      2.011626623875694,
      2.000287067251446
    ],
    "C: 1 light + 3 heavy": [
      6.45021821380827,
      4.726149669089927,
      3.735669399228223,
      3.1426315650658307,
      2.772330960570364,
      2.532151052478347,
      2.261460403799085,
      2.1311520815779263,
      2.0469383591934753,
      2.008354555823045,
      2.0002489703009245
    ],
    "D: Single axion only": [
      4.398362384982466,
      3.749805013480251,
      3.274379135436842,
      2.9259114712484786,
      2.6709477226396006,
      2.4848759786768952,
      2.2512514926462646,
      2.1289616656233203,
      2.046722546785044,
      2.008350101815537,
      2.0002489685003613
    ],
    "E: Nambu-Goto (no modes)": [
      2.0,
      2.0,
      2.0,
      2.0,
      2.0,
      2.0,
      2.0,
      2.0,
      2.0,
      2.0,
      2.0
    ]
  },
  "scenario_masses": {
    "A: All degenerate": [
      1.85,
      1.85,
      1.85,
      1.85
    ],
    "B: Mass hierarchy": [
      1.85,
      2.3,
      2.3,
      2.8
    ],
    "C: 1 light + 3 heavy": [
      1.85,
      4.0,
      4.0,
      5.0
    ],
    "D: Single axion only": [
      1.85
    ],
    "E: Nambu-Goto (no modes)": []
  }
}