{
  "R_sqrt_sigma": [
    0.3,
    0.4,
    0.5,
    0.6,
    0.7,
    0.8,
    0.9,
    1.0,
    1.2,
    1.5,
    2.0,
    2.5,
    3.0,
    4.0,
    5.0
  ],
  "c_eff_NG": [
    2.0,
    2.0,
    2.0,
    2.0,
    2.0,
    2.0,
    2.0,
    2.0,
    2.0,
    2.0,
    2.0,
    2.0,
    2.0,
    2.0,
    2.0
  ],
  "c_eff_CP2_N3": [
    4.712559418640089,
    3.879750457959931,
    3.35766908560567,
    3.0074471097438993,
    2.761910954422131,
    2.5843698208910824,
    2.4530498087130272,
    2.3542282259006857,
    2.2207445196521043,
    2.112262895791989,
    2.0383508544218873,
    2.0136033461177125,
    2.00493245566497,
    2.000674174755345,
    2.00009508436069
  ],
  "c_eff_CP1_N2": [
    3.3562797093200447,
    2.9398752289799654,
    2.678834542802835,
    2.5037235548719496,
    2.3809554772110655,
    2.2921849104455414,
    2.2265249043565136,
    2.177114112950343,
    2.110372259826052,
    2.0561314478959947,
    2.0191754272109437,
    2.006801673058856,
    2.002466227832485,
    2.0003370873776722,
    2.000047542180345
  ],
  "c_eff_single_axion": [
    2.6781398546600226,
    2.4699376144899827,
    2.3394172714014174,
    2.2518617774359746,
    2.1904777386055327,
    2.1460924552227705,
    2.113262452178257,
    2.0885570564751714,
    2.055186129913026,
    2.0280657239479973,
    2.009587713605472,
    2.003400836529428,
    2.0012331139162427,
    2.000168543688836,
    2.0000237710901723
  ],
  "parameters": {
    "m_axion_lattice": 1.85,
    "Q_lattice": 0.38,
    "Q_theory": 0.373,
    "N": 3,
    "n_internal_modes": 4,
    "sqrt_sigma_MeV": 440
  }
}