{
  "2-SAT": {
    "name": "2-SAT",
    "n": 10,
    "m": 20,
    "n_instances": 50,
    "sol_mean": 3.44,
    "sol_density": 0.003359375,
    "entropy_mean": 2.9218328004191094,
    "support_mean": 11.18,
    "max_v_mean": 10.64,
    "beta_c_median": 2.1,
    "C_max_median": 2.907670629383852,
    "sharpness_median": 1.5808892083988455,
    "C_peak_betas": [
      2.0,
      2.7,
      1.8,
      3.7,
      1.5,
      2.3000000000000003,
      1.6,
      1.6,
      1.7000000000000002,
      1.8,
      2.0,
      2.1,
      1.6,
      2.4000000000000004,
      3.2,
      3.7,
      1.8,
      2.0,
      2.5,
      3.1,
      1.9000000000000001,
      1.5,
      2.6,
      2.3000000000000003,
      2.6,
      1.4000000000000001,
      2.0,
      1.9000000000000001,
      2.1,
      2.1,
      3.1,
      3.5,
      1.7000000000000002,
      2.3000000000000003,
      2.3000000000000003,
      1.8,
      2.2,
      2.8000000000000003,
      3.6,
      3.4000000000000004,
      1.9000000000000001,
      1.8,
      2.3000000000000003,
      1.5,
      1.7000000000000002,
      2.3000000000000003,
      2.8000000000000003,
      1.6,
      2.4000000000000004,
      1.5
    ],
    "ly_agg": {
      "n_zeros": 10.0,
      "n_real_zeros": 2.0,
      "n_unit_circle": 1.0,
      "angle_uniformity": 0.6747304419683136,
      "radial_mean": 1.2574372657844641,
      "radial_std": 0.8597029267845433,
      "spacing_ratio": 0.7165648904124964
    },
    "pade_q_median": 8.0,
    "pade_degrees": [
      "(8, 8)",
      "(7, 7)",
      "(7, 7)",
      "(8, 8)",
      "(9, 8)",
      "(8, 8)",
      "(9, 8)",
      "(7, 7)",
      "(8, 8)",
      "(7, 6)",
      "(9, 8)",
      "(9, 8)",
      "(7, 8)",
      "(7, 8)",
      "(7, 7)",
      "(8, 7)",
      "(8, 7)",
      "(8, 7)",
      "(7, 8)",
      "(7, 8)",
      "(7, 6)",
      "(7, 8)",
      "(9, 8)",
      "(8, 8)",
      "(9, 8)",
      "(7, 7)",
      "(7, 8)",
      "(7, 7)",
      "(9, 8)",
      "(9, 8)",
      "(7, 8)",
      "(8, 7)",
      "(7, 8)",
      "(8, 8)",
      "(8, 8)",
      "(8, 8)",
      "(7, 8)",
      "(7, 8)",
      "(7, 8)",
      "(9, 8)",
      "(9, 8)",
      "(9, 8)",
      "(7, 7)",
      "(8, 8)",
      "(8, 8)",
      "(8, 7)",
      "(9, 8)",
      "(8, 8)",
      "(7, 8)",
      "(8, 7)"
    ],
    "riemann_ly_matches": 0,
    "riemann_pade_matches": 8,
    "riemann_ly_details": [],
    "riemann_pade_details": [
      {
        "pole_spacing": 1.7629602577957473,
        "riemann_spacing": 1.7686815965051395,
        "riemann_pair": [
          9,
          10
        ],
        "relative_error": 0.0032348042297140234
      },
      {
        "pole_spacing": 1.7816527887163138,
        "riemann_spacing": 1.7686815965051395,
        "riemann_pair": [
          9,
          10
        ],
        "relative_error": 0.0073338198558774255
      },
      {
        "pole_spacing": 1.430875527780908,
        "riemann_spacing": 1.4401493697908734,
        "riemann_pair": [
          19,
          20
        ],
        "relative_error": 0.006439500099432092
      },
      {
        "pole_spacing": 1.4321481308169772,
        "riemann_spacing": 1.4401493697908734,
        "riemann_pair": [
          19,
          20
        ],
        "relative_error": 0.0055558396522841415
      },
      {
        "pole_spacing": 1.7569156934210088,
        "riemann_spacing": 1.7686815965051395,
        "riemann_pair": [
          9,
          10
        ],
        "relative_error": 0.006652357952601348
      },
      {
        "pole_spacing": 1.9651077006890239,
        "riemann_spacing": 1.9672664814125653,
        "riemann_pair": [
          15,
          16
        ],
        "relative_error": 0.00109735043215467
      },
      {
        "pole_spacing": 1.771993793480674,
        "riemann_spacing": 1.7686815965051395,
        "riemann_pair": [
          9,
          10
        ],
        "relative_error": 0.0018726926214867228
      },
      {
        "pole_spacing": 1.7700243514218004,
        "riemann_spacing": 1.7686815965051395,
        "riemann_pair": [
          9,
          10
        ],
        "relative_error": 0.0007591840833953143
      }
    ],
    "n_ly_spacings": 459,
    "n_pade_spacings": 277
  },
  "Horn-SAT": {
    "name": "Horn-SAT",
    "n": 10,
    "m": 20,
    "n_instances": 50,
    "sol_mean": 165.7,
    "sol_density": 0.16181640625,
    "entropy_mean": 2.8395475085624837,
    "support_mean": 10.42,
    "max_v_mean": 9.42,
    "beta_c_median": 1.6,
    "C_max_median": 0.8808703859029112,
    "sharpness_median": 1.555963559121016,
    "C_peak_betas": [
      1.4000000000000001,
      1.5,
      1.4000000000000001,
      1.3,
      1.7000000000000002,
      1.9000000000000001,
      1.8,
      1.3,
      1.8,
      1.6,
      1.4000000000000001,
      1.2000000000000002,
      1.7000000000000002,
      1.9000000000000001,
      1.2000000000000002,
      1.7000000000000002,
      1.4000000000000001,
      1.1,
      1.3,
      1.7000000000000002,
      1.5,
      1.6,
      1.5,
      1.4000000000000001,
      1.6,
      1.4000000000000001,
      1.7000000000000002,
      1.5,
      1.6,
      1.4000000000000001,
      1.2000000000000002,
      1.4000000000000001,
      1.5,
      1.7000000000000002,
      1.7000000000000002,
      1.7000000000000002,
      1.4000000000000001,
      1.8,
      1.6,
      1.8,
      1.6,
      1.3,
      1.6,
      1.7000000000000002,
      1.9000000000000001,
      1.3,
      1.4000000000000001,
      1.7000000000000002,
      1.9000000000000001,
      1.7000000000000002
    ],
    "ly_agg": {
      "n_zeros": 9.0,
      "n_real_zeros": 1.0,
      "n_unit_circle": 0.0,
      "angle_uniformity": 0.7223461442082889,
      "radial_mean": 1.6523309303304388,
      "radial_std": 0.4310076350619795,
      "spacing_ratio": 1.0
    },
    "pade_q_median": 8.0,
    "pade_degrees": [
      "(8, 8)",
      "(7, 6)",
      "(8, 7)",
      "(7, 7)",
      "(8, 7)",
      "(7, 8)",
      "(8, 8)",
      "(7, 6)",
      "(9, 8)",
      "(8, 8)",
      "(9, 8)",
      "(7, 6)",
      "(8, 7)",
      "(6, 7)",
      "(7, 7)",
      "(6, 7)",
      "(9, 8)",
      "(9, 8)",
      "(9, 8)",
      "(8, 8)",
      "(8, 7)",
      "(6, 7)",
      "(8, 8)",
      "(8, 7)",
      "(7, 8)",
      "(9, 8)",
      "(7, 8)",
      "(9, 8)",
      "(8, 7)",
      "(7, 8)",
      "(9, 8)",
      "(8, 8)",
      "(9, 8)",
      "(9, 8)",
      "(8, 8)",
      "(8, 7)",
      "(9, 8)",
      "(7, 7)",
      "(9, 8)",
      "(8, 8)",
      "(8, 8)",
      "(9, 8)",
      "(7, 7)",
      "(7, 8)",
      "(8, 8)",
      "(9, 8)",
      "(8, 8)",
      "(7, 8)",
      "(8, 7)",
      "(7, 8)"
    ],
    "riemann_ly_matches": 0,
    "riemann_pade_matches": 3,
    "riemann_ly_details": [],
    "riemann_pade_details": [
      {
        "pole_spacing": 1.4295072530593078,
        "riemann_spacing": 1.4401493697908734,
        "riemann_pair": [
          19,
          20
        ],
        "relative_error": 0.007389592326184142
      },
      {
        "pole_spacing": 1.4265715082941581,
        "riemann_spacing": 1.4401493697908734,
        "riemann_pair": [
          19,
          20
        ],
        "relative_error": 0.009428092517019199
      },
      {
        "pole_spacing": 1.7812617217534454,
        "riemann_spacing": 1.7686815965051395,
        "riemann_pair": [
          9,
          10
        ],
        "relative_error": 0.007112713375411338
      }
    ],
    "n_ly_spacings": 421,
    "n_pade_spacings": 273
  },
  "XOR-SAT": {
    "name": "XOR-SAT",
    "n": 10,
    "m": 20,
    "n_instances": 50,
    "sol_mean": 0.0,
    "sol_density": 0.0,
    "entropy_mean": 3.1777005819511492,
    "support_mean": 14.44,
    "max_v_mean": 16.8,
    "beta_c_median": 1.4000000000000001,
    "C_max_median": 3.96840240843409,
    "sharpness_median": 2.0551918843243024,