{
  "3sat_n12": {
    "csp_type": "3sat",
    "n": 12,
    "n_instances": 30,
    "n_cycles": 2520,
    "cycles_by_length": {
      "3": 420,
      "4": 420,
      "5": 420,
      "6": 420,
      "7": 420,
      "8": 420
    },
    "fit_results": {
      "H_monodromy_vs_Area_interior": {
        "slope": 0.0011824793535395734,
        "intercept": 1.182957885905444,
        "R2": 0.00777633410161173
      },
      "H_monodromy_vs_Area_enclosed": {
        "slope": -0.0046054091829493115,
        "intercept": 1.7256827112138589,
        "R2": 0.014886510149309537
      },
      "H_monodromy_vs_Perimeter": {
        "slope": 0.008239665376298663,
        "intercept": 1.1562013675215017,
        "R2": 0.005884523200573941
      },
      "H_polymorphism_vs_Area_interior": {
        "slope": -0.00010994109253025814,
        "intercept": 0.11048680543789356,
        "R2": 0.00018424191757831072
      },
      "H_polymorphism_vs_Area_enclosed": {
        "slope": 0.0009596572279414619,
        "intercept": -0.0004620470679770339,
        "R2": 0.0017716148015230722
      },
      "H_polymorphism_vs_Perimeter": {
        "slope": 0.0006908035771558619,
        "intercept": 0.10496161600273497,
        "R2": 0.00011336574738566557
      },
      "H_restricted_vs_Area_interior": {
        "slope": 0.001694582039928305,
        "intercept": 0.012119305331101952,
        "R2": 0.1490220357715777
      },
      "H_restricted_vs_Area_enclosed": {
        "slope": -0.0034761708455606794,
        "intercept": 0.43435881742683174,
        "R2": 0.07914002692656483
      },
      "H_restricted_vs_Perimeter": {
        "slope": 0.012860867007870883,
        "intercept": -0.03201523235764665,
        "R2": 0.13377351535715568
      }
    },
    "best_area_fit": {
      "key": "H_restricted_vs_Area_interior",
      "R2": 0.1490220357715777
    },
    "best_perim_fit": {
      "key": "H_restricted_vs_Perimeter",
      "R2": 0.13377351535715568
    },
    "string_tension": 0.001694582039928305,
    "h_by_length": {
      "3": {
        "mean": 0.006611410295837241,
        "std": 0.0225954730337329,
        "count": 420
      },
      "4": {
        "mean": 0.02015759606114253,
        "std": 0.042999819617268724,
        "count": 420
      },
      "5": {
        "mean": 0.03138789919613883,
        "std": 0.05088527680840067,
        "count": 420
      },
      "6": {
        "mean": 0.04471262716072607,
        "std": 0.05943349358051248,
        "count": 420
      },
      "7": {
        "mean": 0.05845148251328275,
        "std": 0.06731709135369428,
        "count": 420
      },
      "8": {
        "mean": 0.07099620188673182,
        "std": 0.0756868773130373,
        "count": 420
      }
    },
    "area_by_length": {
      "3": {
        "mean": 118.51190476190476,
        "std": 4.082173929529425,
        "count": 420
      },
      "4": {
        "mean": 116.91904761904762,
        "std": 2.851585865814561,
        "count": 420
      },
      "5": {
        "mean": 115.03333333333333,
        "std": 3.168871412939634,
        "count": 420
      },
      "6": {
        "mean": 113.09285714285714,
        "std": 3.3192722134845893,
        "count": 420
      },
      "7": {
        "mean": 111.01190476190476,
        "std": 3.454100556960723,
        "count": 420
      },
      "8": {
        "mean": 108.31904761904762,
        "std": 3.4871354115785076,
        "count": 420
      }
    },
    "verdict": "PASS",
    "reason": "Area law dominates: R^2(area)=0.1490 > R^2(perim)=0.1338"
  },
  "3sat_n14": {
    "csp_type": "3sat",
    "n": 14,
    "n_instances": 30,
    "n_cycles": 2700,
    "cycles_by_length": {
      "3": 450,
      "4": 450,
      "5": 450,
      "6": 450,
      "7": 450,
      "8": 450
    },
    "fit_results": {
      "H_monodromy_vs_Area_interior": {
        "slope": 0.0024593062371705463,
        "intercept": 1.167896524862852,
        "R2": 0.019324952218988882
      },
      "H_monodromy_vs_Area_enclosed": {
        "slope": -0.003924998748729694,
        "intercept": 1.731920480703244,
        "R2": 0.007861562261444112
      },
      "H_monodromy_vs_Perimeter": {
        "slope": 0.017230539621961125,
        "intercept": 1.105152367566674,
        "R2": 0.021436198688820338
      },
      "H_polymorphism_vs_Area_interior": {
        "slope": -0.0005781327985973186,
        "intercept": 0.12121215131261037,
        "R2": 0.002187765750617151
      },
      "H_polymorphism_vs_Area_enclosed": {
        "slope": -0.000555014431038846,
        "intercept": 0.18891148400844504,
        "R2": 0.00032202586824528067
      },
      "H_polymorphism_vs_Perimeter": {
        "slope": -0.002204207346445268,
        "intercept": 0.1258071461872873,
        "R2": 0.0007186332430124523
      },
      "H_restricted_vs_Area_interior": {
        "slope": 0.0013234426283659758,
        "intercept": 0.004354443678045043,
        "R2": 0.1375271362787598
      },
      "H_restricted_vs_Area_enclosed": {
        "slope": -0.0024794135434399516,
        "intercept": 0.3576510122382163,
        "R2": 0.07709260238721515
      },
      "H_restricted_vs_Perimeter": {
        "slope": 0.008915103391418815,
        "intercept": -0.027445441297687702,
        "R2": 0.14102228247764267
      }
    },
    "best_area_fit": {
      "key": "H_restricted_vs_Area_interior",
      "R2": 0.1375271362787598
    },
    "best_perim_fit": {
      "key": "H_restricted_vs_Perimeter",
      "R2": 0.14102228247764267
    },
    "string_tension": 0.0013234426283659758,
    "h_by_length": {
      "3": {
        "mean": 0.0021919647482570854,
        "std": 0.011529876300335114,
        "count": 450
      },
      "4": {
        "mean": 0.00728931383828041,
        "std": 0.020346982852080277,
        "count": 450
      },
      "5": {
        "mean": 0.014267371409953478,
        "std": 0.0295479361996689,
        "count": 450
      },
      "6": {
        "mean": 0.02532364242749871,
        "std": 0.042553011859448035,
        "count": 450
      },
      "7": {
        "mean": 0.034233622797642416,
        "std": 0.04648025910842312,
        "count": 450
      },
      "8": {
        "mean": 0.04621984890906254,
        "std": 0.0552885897547297,
        "count": 450
      }
    },
    "area_by_length": {
      "3": {
        "mean": 138.81555555555556,
        "std": 6.1967179684286835,
        "count": 450
      },
      "4": {
        "mean": 138.48444444444445,
        "std": 3.3467699556142887,
        "count": 450
      },
      "5": {
        "mean": 136.76666666666668,
        "std": 2.7032901763920534,
        "count": 450
      },
      "6": {
        "mean": 134.82,
        "std": 2.55969616252485,
        "count": 450
      },
      "7": {
        "mean": 133.11777777777777,
        "std": 2.599469081595863,
        "count": 450
      },
      "8": {
        "mean": 131.24444444444444,
        "std": 2.779732645461954,
        "count": 450
      }
    },
    "verdict": "MARGINAL",
    "reason": "Nearly equal: R^2(area)=0.1375 ~ R^2(perim)=0.1410"
  },
  "2sat_n12": {
    "csp_type": "2sat",
    "n": 12,
    "n_instances": 30,
    "n_cycles": 871,
    "cycles_by_length": {
      "3": 81,
      "4": 128,
      "5": 176,
      "6": 198,
      "7": 170,
      "8": 118
    },
    "fit_results": {
      "H_monodromy_vs_Area_interior": {
        "slope": 0.012396775784106726,
        "intercept": 1.2705620301426905,
        "R2": 0.006800323951258018
      },
      "H_monodromy_vs_Area_enclosed": {
        "slope": 0.002023528635025994,
        "intercept": 1.2698420756024755,
        "R2": 0.0002830044331509073
      },
      "H_monodromy_vs_Perimeter": {
        "slope": 0.018927216903344753,
        "intercept": 1.181560360758328,
        "R2": 0.01836374057466058
      },
      "H_polymorphism_vs_Area_interior": {
        "slope": -0.0018108131516413482,
        "intercept": 0.07035863442863156,
        "R2": 0.00042950475479922625
      },