{
  "test_1_relativization": {
    "verdict": "PASS",
    "data": {
      "layer1": {
        "(8, '2.0n (sparse)')": {
          "avg_tgap": 0.12270499515193894,
          "frac_gt0": 0.98,
          "avg_nsol": 28.5,
          "n_instances": 50
        },
        "(8, '2.5n')": {
          "avg_tgap": 0.13694809374603373,
          "frac_gt0": 0.9,
          "avg_nsol": 16.32,
          "n_instances": 50
        },
        "(8, '3.0n')": {
          "avg_tgap": 0.08139565139850125,
          "frac_gt0": 0.6382978723404256,
          "avg_nsol": 10.617021276595745,
          "n_instances": 47
        },
        "(8, '3.5n')": {
          "avg_tgap": 0.08216520447510405,
          "frac_gt0": 0.5853658536585366,
          "avg_nsol": 7.2439024390243905,
          "n_instances": 41
        },
        "(8, '4.0n (near crit)')": {
          "avg_tgap": 0.05302579365079365,
          "frac_gt0": 0.2916666666666667,
          "avg_nsol": 5.208333333333333,
          "n_instances": 24
        },
        "(10, '2.0n (sparse)')": {
          "avg_tgap": 0.1666963758321255,
          "frac_gt0": 1.0,
          "avg_nsol": 71.52,
          "n_instances": 50
        },
        "(10, '2.5n')": {
          "avg_tgap": 0.14948313049033912,
          "frac_gt0": 0.98,
          "avg_nsol": 39.06,
          "n_instances": 50
        },
        "(10, '3.0n')": {
          "avg_tgap": 0.1036050176398441,
          "frac_gt0": 0.7959183673469388,
          "avg_nsol": 17.285714285714285,
          "n_instances": 49
        },
        "(10, '3.5n')": {
          "avg_tgap": 0.1049375309843388,
          "frac_gt0": 0.725,
          "avg_nsol": 11.625,
          "n_instances": 40
        },
        "(10, '4.0n (near crit)')": {
          "avg_tgap": 0.059460991555934796,
          "frac_gt0": 0.48148148148148145,
          "avg_nsol": 8.0,
          "n_instances": 27
        }
      },
      "layer2": {
        "(8, '0 bits (no oracle)')": {
          "avg_tgap": 0.12674096064743318,
          "frac_gt0": 1.0,
          "avg_nsol": 28.6,
          "n_degenerate": 0,
          "n_instances": 50
        },
        "(8, '25% bits')": {
          "avg_tgap": 0.016749857016078635,
          "frac_gt0": 0.3333333333333333,
          "avg_nsol": 10.74,
          "n_degenerate": 2,
          "n_instances": 48
        },
        "(8, '50% bits')": {
          "avg_tgap": 0.0013513513513513514,
          "frac_gt0": 0.02702702702702703,
          "avg_nsol": 4.38,
          "n_degenerate": 13,
          "n_instances": 37
        },
        "(8, '75% bits')": {
          "avg_tgap": 0.0,
          "frac_gt0": 0.0,
          "avg_nsol": 2.2,
          "n_degenerate": 33,
          "n_instances": 17
        },
        "(8, '100% bits (full oracle)')": {
          "avg_tgap": "NaN",
          "frac_gt0": "NaN",
          "avg_nsol": 0,
          "n_degenerate": 50,
          "n_instances": 0
        },
        "(10, '0 bits (no oracle)')": {
          "avg_tgap": 0.15590131922109582,
          "frac_gt0": 1.0,
          "avg_nsol": 75.24,
          "n_degenerate": 0,
          "n_instances": 50
        },
        "(10, '25% bits')": {
          "avg_tgap": 0.05880597941781412,
          "frac_gt0": 0.8,
          "avg_nsol": 25.72,
          "n_degenerate": 0,
          "n_instances": 50
        },
        "(10, '50% bits')": {
          "avg_tgap": 0.0031979924837067693,
          "frac_gt0": 0.07142857142857142,
          "avg_nsol": 6.36,
          "n_degenerate": 8,
          "n_instances": 42
        },
        "(10, '75% bits')": {
          "avg_tgap": 0.0,
          "frac_gt0": 0.0,
          "avg_nsol": 2.76,
          "n_degenerate": 29,
          "n_instances": 21
        },
        "(10, '100% bits (full oracle)')": {
          "avg_tgap": "NaN",
          "frac_gt0": "NaN",
          "avg_nsol": 0,
          "n_degenerate": 50,
          "n_instances": 0
        }
      },
      "control": {
        "(8, '2.0n')": {
          "avg_tgap": 0.0,
          "frac_gt0": 0.0
        },
        "(8, '3.0n')": {
          "avg_tgap": 0.0,
          "frac_gt0": 0.0
        },
        "(10, '2.0n')": {
          "avg_tgap": 0.0,
          "frac_gt0": 0.0
        },
        "(10, '3.0n')": {
          "avg_tgap": 0.0,
          "frac_gt0": 0.0
        }
      },
      "layer1_pass": true,
      "layer2_pass": false,
      "control_pass": true
    }
  },
  "test_2_natural_proofs": {
    "verdict": "PASS",
    "n": 8,
    "n_functions": 1000,
    "frac_tgap_zero": 0.0,
    "frac_tgap_positive": 1.0,
    "property_is_large": false
  },
  "test_3_algebrization": {
    "verdict": "PASS",
    "separation_data": {
      "2-SAT": {
        "8": {
          "n_instances": 23,
          "avg_std": 0.0,
          "avg_sym": 0.0,
          "avg_asym": 0.0,
          "avg_full": 0.0,
          "std_ptime_frac": 1.0,
          "sym_ptime_frac": 1.0,
          "asym_ptime_frac": 1.0,
          "full_ptime_frac": 1.0
        },
        "10": {
          "n_instances": 21,
          "avg_std": 0.0,
          "avg_sym": 0.0,
          "avg_asym": 0.0,
          "avg_full": 0.0,
          "std_ptime_frac": 1.0,
          "sym_ptime_frac": 1.0,
          "asym_ptime_frac": 1.0,
          "full_ptime_frac": 1.0
        }
      },
      "3-SAT": {
        "8": {
          "n_instances": 22,
          "avg_std": 0.019805194805194805,
          "avg_sym": 0.019805194805194805,
          "avg_asym": 0.0,
          "avg_full": 0.0,
          "std_ptime_frac": 0.8636363636363636,
          "sym_ptime_frac": 0.8636363636363636,
          "asym_ptime_frac": 1.0,
          "full_ptime_frac": 1.0
        },
        "10": {
          "n_instances": 21,
          "avg_std": 0.03319934034219748,
          "avg_sym": 0.03319934034219748,
          "avg_asym": 0.0,
          "avg_full": 0.0,
          "std_ptime_frac": 0.7142857142857143,
          "sym_ptime_frac": 0.7142857142857143,
          "asym_ptime_frac": 1.0,
          "full_ptime_frac": 1.0
        }
      }
    },
    "interaction_data": {
      "8": {
        "n_instances": 18,
        "avg_interaction": 0.15806199067347654,
        "max_interaction": 0.3128625725145029,
        "avg_tgap_full": 0.05158730158730159
      },
      "10": {
        "n_instances": 33,
        "avg_interaction": 0.19487005423067127,
        "max_interaction": 0.38895558223289317,
        "avg_tgap_full": 0.032871926053744234
      }
    }
  },
  "overall": "STRONG PASS",
  "runtime_seconds": 66.58949398994446
}