{
  "results": [
    {
      "lam": 16.0,
      "N": 60,
      "dps": 150,
      "L": 5.545177444479562,
      "T_N": 69.11849216286471,
      "max_fact_rel_err": 1.8687436536903048e-10,
      "factorization_ok": false
    },
    {
      "lam": 16.0,
      "N": 70,
      "dps": 150,
      "L": 5.545177444479562,
      "T_N": 80.44939251743268,
      "max_fact_rel_err": 5.7097909838072755e-08,
      "factorization_ok": false
    }
  ],
  "elapsed_s": 75.49610924720764
}