{
  "models": {
    "ACT DR6 best fit (\u039bCDM, N_eff=2.86)": {
      "label": "ACT DR6 best fit (\u039bCDM, N_eff=2.86)",
      "age_Gyr": 13.939166415800596,
      "rd_Mpc": 148.0371187328541,
      "theta_star": 1.04297154832565,
      "z_star": 1089.755307242221,
      "sigma8": 0.8189986157591962,
      "S8": 0.8593819236698074,
      "Omega_m": 0.33031427910777295,
      "H0": 65.8,
      "nnu": 2.86,
      "w0": -1.0,
      "wa": 0.0,
      "ombh2": 0.02237,
      "omch2": 0.12
    },
    "Planck 2018 \u039bCDM (N_eff=3.044)": {
      "label": "Planck 2018 \u039bCDM (N_eff=3.044)",
      "age_Gyr": 13.797068078207516,
      "rd_Mpc": 147.10121680450374,
      "theta_star": 1.0411781110174834,
      "z_star": 1089.937916285396,
      "sigma8": 0.8112654986311196,
      "S8": 0.831552873435477,
      "Omega_m": 0.315191849347291,
      "H0": 67.36,
      "nnu": 3.044,
      "w0": -1.0,
      "wa": 0.0,
      "ombh2": 0.02237,
      "omch2": 0.12
    },
    "5D Framework Scenario A (N_eff=3.35, w\u2080=-0.85)": {
      "label": "5D Framework Scenario A (N_eff=3.35, w\u2080=-0.85)",
      "age_Gyr": 13.470348412942466,
      "rd_Mpc": 146.369353676055,
      "theta_star": 1.0423107587314042,
      "z_star": 1089.9742836295602,
      "sigma8": 0.7682645328275015,
      "S8": 0.7551815670694789,
      "Omega_m": 0.2898694509386011,
      "H0": 69.5,
      "nnu": 3.35,
      "w0": -0.85,
      "wa": -0.23,
      "ombh2": 0.02237,
      "omch2": 0.117
    },
    "5D Framework + e\u00b1 correction (N_eff=3.31, w\u2080=-0.85)": {
      "label": "5D Framework + e\u00b1 correction (N_eff=3.31, w\u2080=-0.85)",
      "age_Gyr": 13.516072807322121,
      "rd_Mpc": 146.56639958098853,
      "theta_star": 1.0421260941302877,
      "z_star": 1089.9353043711944,
      "sigma8": 0.7695483701549164,
      "S8": 0.7619250165544024,
      "Omega_m": 0.2940856785121147,
      "H0": 69.0,
      "nnu": 3.31,
      "w0": -0.85,
      "wa": -0.23,
      "ombh2": 0.02237,
      "omch2": 0.117
    },
    "5D Framework tuned (N_eff=3.33, omch2=0.115)": {
      "label": "5D Framework tuned (N_eff=3.33, omch2=0.115)",
      "age_Gyr": 13.549269755919612,
      "rd_Mpc": 146.99637381573248,
      "theta_star": 1.039948356712744,
      "z_star": 1089.7778629567526,
      "sigma8": 0.7600268505393993,
      "S8": 0.7449447889984675,
      "Omega_m": 0.2882116666519466,
      "H0": 69.2,
      "nnu": 3.33,
      "w0": -0.85,
      "wa": -0.23,
      "ombh2": 0.02237,
      "omch2": 0.115
    }
  }
}