{
  "Planck_LCDM": {
    "name": "Planck_LCDM",
    "label": "Planck 2018 LCDM (baseline)",
    "age_Gyr": 13.79685796422428,
    "rd_Mpc": 147.1012318707193,
    "theta_star_deg": 0.5965512083179083,
    "theta_star_100rad": 1.0411782741898084,
    "z_star": 1089.9376618775875,
    "z_drag": 1059.9485800035916,
    "sigma8": 0.8113005629484701,
    "S8": 0.831588814608739,
    "Omega_m": 0.315191849347291,
    "Omega_Lambda_eff": 0.6848081506527091,
    "DA_star_Mpc": 12.71638810815031,
    "H0": 67.36,
    "nnu": 3.044,
    "w0": -1.0,
    "wa": 0.0,
    "ages_at_z": {
      "0": 13.79685796422428,
      "1": 5.843103157811113,
      "3": 2.1394194525409698,
      "6": 0.9273149276969919,
      "10": 0.47042282973450916,
      "12": 0.3659222540585006,
      "14": 0.2950380613815481,
      "20": 0.17773827992589367
    },
    "H_at_z": {
      "0": 67.35999999998678,
      "0.5": 89.08109636109658,
      "1.0": 120.63928546999436,
      "2.0": 204.32867499009745,
      "5.0": 559.0077285755834
    }
  },
  "5D_stabilized": {
    "name": "5D_stabilized",
    "label": "5D Stabilized e-circle (w=-1, H0=69.5, Neff=3.39)",
    "age_Gyr": 13.608391570203963,
    "rd_Mpc": 145.3963834844346,
    "theta_star_deg": 0.5932763980452941,
    "theta_star_100rad": 1.035462652026283,
    "z_star": 1090.2760645703859,
    "z_drag": 1060.2223754855438,
    "sigma8": 0.7960098697254033,
    "S8": 0.7907925848206814,
    "Omega_m": 0.29608030958980963,
    "Omega_Lambda_eff": 0.7039196904101903,
    "DA_star_Mpc": 12.632634430489007,
    "H0": 69.5,
    "nnu": 3.39,
    "w0": -1.0,
    "wa": 0.0,
    "ages_at_z": {
      "0": 13.608391570203963,
      "1": 5.822210046371761,
      "3": 2.138146175698093,
      "6": 0.9271023117680353,
      "10": 0.4703112098698863,
      "12": 0.3658307934419945,
      "14": 0.2949559079684991,
      "20": 0.17767228669740193
    },
    "H_at_z": {
      "0": 69.4999999999872,
      "0.5": 90.71053452120853,
      "1.0": 121.84830357905085,
      "2.0": 205.04790273798181,
      "5.0": 559.2921293905274
    }
  },
  "5D_thawing": {
    "name": "5D_thawing",
    "label": "5D Thawing dilaton (w0=-0.85, wa=-0.23)",
    "age_Gyr": 13.394574119145958,
    "rd_Mpc": 145.39645666208406,
    "theta_star_deg": 0.5981813919722021,
    "theta_star_100rad": 1.0440234814077705,
    "z_star": 1090.2760429264126,
    "z_drag": 1060.221562353817,
    "sigma8": 0.7789592688567529,
    "S8": 0.7738537386499459,
    "Omega_m": 0.29608030958980963,
    "Omega_Lambda_eff": 0.7039196904101903,
    "DA_star_Mpc": 12.529049216174363,
    "H0": 69.5,
    "nnu": 3.39,
    "w0": -0.85,
    "wa": -0.23,
    "ages_at_z": {
      "0": 13.394574119145958,
      "1": 5.7740186948934245,
      "3": 2.1358749601881066,
      "6": 0.9270024775608805,
      "10": 0.4703096896708306,
      "12": 0.3658321790372044,
      "14": 0.2949575847601169,
      "20": 0.17767314102438672
    },
    "H_at_z": {
      "0": 69.4999999999872,
      "0.5": 93.33167398609241,
      "1.0": 124.54710079564738,
      "2.0": 206.8384661570003,
      "5.0": 559.766102411826
    }
  },
  "5D_DESI": {
    "name": "5D_DESI",
    "label": "5D DESI-compatible dilaton (w0=-0.80, wa=-0.30)",
    "age_Gyr": 13.316378515381372,
    "rd_Mpc": 145.39638448879396,
    "theta_star_deg": 0.6000464439408469,
    "theta_star_100rad": 1.0472786111651358,
    "z_star": 1090.2760355561657,
    "z_drag": 1060.2223644751807,
    "sigma8": 0.7725062406883983,
    "S8": 0.767443005543164,
    "Omega_m": 0.29608030958980963,
    "Omega_Lambda_eff": 0.7039196904101903,
    "DA_star_Mpc": 12.49010682428723,
    "H0": 69.5,
    "nnu": 3.39,
    "w0": -0.8,
    "wa": -0.3,
    "ages_at_z": {
      "0": 13.316378515381372,
      "1": 5.7543788800384315,
      "3": 2.134773974338954,
      "6": 0.9269358184049502,
      "10": 0.47030427179784073,
      "12": 0.3658302108203483,
      "14": 0.2949568099534536,
      "20": 0.17767309748764637
    },
    "H_at_z": {
      "0": 69.4999999999872,
      "0.5": 94.29855378727032,
      "1.0": 125.61080646421652,
      "2.0": 207.60609191059336,
      "5.0": 560.0111673706335
    }
  },
  "5D_minimal": {
    "name": "5D_minimal",
    "label": "5D Minimal (tower only, no mirror sector)",
    "age_Gyr": 13.766509034700356,
    "rd_Mpc": 146.87059047108238,
    "theta_star_deg": 0.596201724322187,
    "theta_star_100rad": 1.0405683095489722,
    "z_star": 1089.9831935705079,
    "z_drag": 1059.9852692776285,
    "sigma8": 0.8093835219058988,
    "S8": 0.825457333191576,
    "Omega_m": 0.31203391349798454,
    "Omega_Lambda_eff": 0.6879660865020154,
    "DA_star_Mpc": 12.703112050392813,
    "H0": 67.7,
    "nnu": 3.09,
    "w0": -1.0,
    "wa": 0.0,
    "ages_at_z": {
      "0": 13.766509034700356,
      "1": 5.839807170072988,
      "3": 2.139223447456426,
      "6": 0.9272844543729548,
      "10": 0.47040837814581044,
      "12": 0.36590994569486285,
      "14": 0.29502705458982653,
      "20": 0.17772947693270283
    },
    "H_at_z": {
      "0": 67.69999999998686,
      "0.5": 89.33852821918674,
      "1.0": 120.82961702842366,
      "2.0": 204.44151854097743,
      "5.0": 559.0517924502781
    }
  },
  "5D_low_omega": {
    "name": "5D_low_omega",
    "label": "5D Thawing + lower Omega_cdm (reduced mirror production)",
    "age_Gyr": 13.791147465972749,
    "rd_Mpc": 149.43272953037237,
    "theta_star_deg": 0.5887451735693972,
    "theta_star_100rad": 1.0275541734011475,
    "z_star": 1088.9336580425345,
    "z_drag": 1059.1149766815893,
    "sigma8": 0.7117039377871927,
    "S8": 0.6689335767963512,
    "Omega_m": 0.26502601633376693,
    "Omega_Lambda_eff": 0.734973983666233,
    "DA_star_Mpc": 13.097503364255763,
    "H0": 69.5,
    "nnu": 3.39,
    "w0": -0.85,
    "wa": -0.23,
    "ages_at_z": {
      "0": 13.791147465972749,
      "1": 6.054987892360941,
      "3": 2.2544994375383167,
      "6": 0.9793011827412121,
      "10": 0.4968382146131382,
      "12": 0.386443063581767,
      "14": 0.31155290786396156,
      "20": 0.18762606984107594
    },
    "H_at_z": {
      "0": 69.4999999999872,
      "0.5": 91.51959071097252,
      "1.0": 120.37989738090994,
      "2.0": 197.2680686347301,
      "5.0": 530.1994827258006
    }
  },
  "5D_theta_matched": {
    "name": "5D_theta_matched",
    "label": "5D Thawing + Omega_cdm adjusted to match theta_*",
    "age_Gyr": 13.041417704907834,
    "rd_Mpc": 141.71671241345584,
    "theta_star_deg": 0.6063524589312076,
    "theta_star_100rad": 1.0582846835913269,
    "z_star": 1091.55322858761,
    "z_drag": 1061.2741180407897,
    "sigma8": 0.8403049518381602,
    "S8": 0.8774846693656794,
    "Omega_m": 0.32713460284585233,
    "Omega_Lambda_eff": 0.6728653971541476,
    "DA_star_Mpc": 12.034767899232635,
    "H0": 69.5,
    "nnu": 3.39,
    "w0": -0.85,
    "wa": -0.23,
    "ages_at_z": {
      "0": 13.041417704907834,
      "1": 5.529398649501273,
      "3": 2.0342037707666982,
      "6": 0.882277839442517,
      "10": 0.4476283939099663,
      "12": 0.34820318258507527,
      "14": 0.28076056797726745,
      "20": 0.16915350599754864
    },
    "H_at_z": {
      "0": 69.4999999999872,
      "0.5": 95.10923853227169,
      "1.0": 128.5793176983137,
      "2.0": 215.98521074713554,
      "5.0": 587.8475034700305
    }
  },
  "TRGB_centered": {
    "name": "TRGB_centered",
    "label": "5D at TRGB H0=69.8 (Freedman et al. 2024)",
    "age_Gyr": 13.36758842368991,
    "rd_Mpc": 145.39637996615375,
    "theta_star_deg": 0.5987210652237381,
    "theta_star_100rad": 1.044965388920195,
    "z_star": 1090.2760675771856,
    "z_drag": 1060.2224147223237,
    "sigma8": 0.7795679872216903,
    "S8": 0.7711298492398079,
    "Omega_m": 0.29354067606098844,
    "Omega_Lambda_eff": 0.7064593239390116,
    "DA_star_Mpc": 12.51775535277693,
    "H0": 69.8,
    "nnu": 3.39,
    "w0": -0.85,
    "wa": -0.23,
    "ages_at_z": {
      "0": 13.36758842368991,
      "1": 5.77064439291682,
      "3": 2.1356898053568463,
      "6": 0.926988174704803,