{
  "theorem": "BPHZ Factorisation at L=3",
  "status": "VERIFIED",
  "gram_matrix": [
    [
      1,
      0.5,
      0.5
    ],
    [
      0.5,
      1,
      0.5
    ],
    [
      0.5,
      0.5,
      1
    ]
  ],
  "determinant": 0.5,
  "lattice": "D\u2083 (FCC)",
  "kissing_number": 12,
  "structural_zeros": {
    "1": {
      "Lambda_3(-j)": 0.5755603440904713,
      "E_3_prime(-j)": -0.18320654761934133
    },
    "2": {
      "Lambda_3(-j)": 0.2287053221955243,
      "E_3_prime(-j)": 0.0463453879003055
    },
    "3": {
      "Lambda_3(-j)": 0.15204493097461236,
      "E_3_prime(-j)": -0.029422093960326905
    },
    "4": {
      "Lambda_3(-j)": 0.13666187830611232,
      "E_3_prime(-j)": 0.033671242021977105
    },
    "5": {
      "Lambda_3(-j)": 0.15331259091231247,
      "E_3_prime(-j)": -0.0601187172726686
    },
    "6": {
      "Lambda_3(-j)": 0.20559262643760629,
      "E_3_prime(-j)": 0.1539716610341552
    }
  },
  "bphz_trivial": true,
  "reason": "Sunset subdivergence counterterms vanish by L=2 result",
  "conclusion": "All L=3 counterterm coefficients = 0"
}