{
  "relation": "log(\u03c0 \u00d7 R_obs / l_P) = \u03b3_1 \u00d7 \u03c0\u00b2 / 2 [+ correction]",
  "target": 69.74217087072805,
  "gamma_1": 14.134725141734695,
  "pi_squared_over_2": 4.934802200544679,
  "basic_formula": "\u03b3_1 \u00d7 \u03c0\u00b2/2",
  "basic_formula_value": 69.75207273352657,
  "basic_formula_error_percent": 0.014197812707726824,
  "corrected_formula": "\u03b3_1 \u00d7 \u03c0\u00b2/2 - log(\u03c0)",
  "corrected_formula_value": 68.60734284767717,
  "corrected_formula_error_percent": 1.627176224775616,
  "best_formula_found": "\u03b3_1 \u00d7 \u03c0\u00b2/2 - log(\u03c0) + 1/(10\u00d7\u03b3_2)",
  "best_formula_error_percent": 1.6203555131580019,
  "precision_decimal_places": 150
}