{
  "parameters": {
    "gamma_1": 14.134725141734693,
    "gamma_9": 32.93506158773919,
    "gamma_10": 34.15617975582076,
    "n_s": 0.9642489828543115,
    "Delta_ln_k": 0.44452122302878244,
    "A_log": 0.003,
    "A_s": 2.1e-09,
    "k_star": 0.05,
    "eta_0": 14000.0
  },
  "modulation_signature": {
    "mean_abs_DeltaC_over_C": 0.0013141587722792225,
    "max_DeltaC_over_C": 0.002932671012383892,
    "min_DeltaC_over_C": -0.002960040244158384,
    "rms_DeltaC_over_C": 0.0015786216214717752
  },
  "detectability": {
    "total_cumulative_SNR": 0.4429097506156085,
    "best_ell_range": [
      2,
      2452
    ],
    "best_range_SNR": 0.42969437439134406,
    "assessment": "UNDETECTABLE"
  },
  "peak_ells": [
    5,
    12,
    19,
    30,
    46,
    72,
    115,
    175,
    270,
    430,
    500,
    600,
    670,
    740,
    820
  ],
  "trough_ells": [
    4,
    10,
    15,
    24,
    38,
    58,
    90,
    140,
    220,
    345,
    470,
    540,
    580,
    640,
    750
  ]
}