{
  "formula": "log(\u03c0 \u00d7 R_obs / l_P) = \u03b3_1 \u00d7 \u03c0\u00b2 / 2",
  "equivalently": "log(R_obs / l_P) = \u03b3_1 \u00d7 \u03c0\u00b2 / 2 - log(\u03c0)",
  "target_value": 69.74217087072805,
  "formula_value": 69.75207273352657,
  "residual": 0.009901862798528782,
  "error_percent": 0.014197812707726824,
  "gamma_1": 14.134725141734695,
  "pi_squared_over_2": 4.934802200544679,
  "computed_C": 4.934101666031327,
  "theoretical_C": 4.934802200544679,
  "C_error_percent": 0.014195797215025669,
  "assessment": "FUNDAMENTALLY EXACT",
  "precision_dps": 150
}