{
  "SU(2)": {
    "N": 2,
    "d": 4,
    "L": 2,
    "d_G": 3,
    "h_vee": 2,
    "b_0": 0.04643887583607148,
    "m_W_a": 1.0,
    "C_D": 6.0,
    "delta_0": 0.06062462181643484,
    "kappa": 0.06062462181643484,
    "rho_mayer": 0.007578077727054355,
    "rho_prop": 0.020833333333333332,
    "m_W_a_over_2C_D": 0.08333333333333333,
    "r_proj": 0.5,
    "rho": 0.007578077727054355,
    "rho_binding_constraint": "mayer",
    "n_plaq_per_link": 24,
    "g0_sq": 1.0,
    "L_flow": 24.0,
    "C_second": 2.0,
    "L_Lip": 48.0,
    "r_ODE": 0.020833333333333332,
    "rho_over_L_flow": 0.0003157532386272648,
    "r_t": 0.0003157532386272648,
    "r_t_binding": "composition",
    "r_t_at_g0sq_0.5": 0.0006315064772545296
  },
  "SU(3)": {
    "N": 3,
    "d": 4,
    "L": 2,
    "d_G": 8,
    "h_vee": 3,
    "b_0": 0.06965831375410722,
    "m_W_a": 1.0,
    "C_D": 16.0,
    "delta_0": 0.06062462181643484,
    "kappa": 0.06062462181643484,
    "rho_mayer": 0.007578077727054355,
    "rho_prop": 0.0078125,
    "m_W_a_over_2C_D": 0.03125,
    "r_proj": 0.5,
    "rho": 0.007578077727054355,
    "rho_binding_constraint": "mayer",
    "n_plaq_per_link": 24,
    "g0_sq": 1.0,
    "L_flow": 24.0,
    "C_second": 1.3333333333333333,
    "L_Lip": 32.0,
    "r_ODE": 0.03125,
    "rho_over_L_flow": 0.0003157532386272648,
    "r_t": 0.0003157532386272648,
    "r_t_binding": "composition",
    "r_t_at_g0sq_0.5": 0.0006315064772545296
  }
}